num_in_team,player_name,games_played,games_started,minutes_played,points,two_point_percentage,three_point_percentage,free_throw_percentage,offensive_rebounds,defensive_rebounds,total_rebounds,assists,steals,turnover,blocks,blocks_against,fouls_commited,fouls_received,performance_index_rating,Team
1,GABRIELE PROCIDA,9,6,21:06,9.6,63.9%,20%,88.9%,0.6,2.0,2.6,0.6,0.7,1.1,0.7,0.0,1.6,1.9,8.0,ALBA Berlin
2,DORIAN GROSBER,2,1,2:57,1.0,50%,0%,0%,0.0,0.0,0.0,0.0,0.5,0.5,0.0,0.0,1.0,0.0,-0.5,ALBA Berlin
3,MATTEO SPAGNOLO,8,3,23:15,12.1,45.6%,30%,77.3%,0.4,2.1,2.5,3.8,0.2,2.4,0.0,0.4,1.6,3.8,11.0,ALBA Berlin
4,YANNI WETZELL,6,5,20:35,8.2,48.6%,25%,83.3%,1.7,3.7,5.3,0.8,0.3,1.5,0.3,0.8,1.8,2.7,9.5,ALBA Berlin
5,MALTE DELOW,1,0,11:36,0.0,0%,0%,0%,1.0,1.0,2.0,0.0,0.0,0.0,0.0,1.0,3.0,0.0,-4.0,ALBA Berlin
6,WILL MCDOWELL-WHITE,7,0,16:44,6.0,57.1%,53.3%,100%,0.1,1.7,1.9,2.0,0.4,0.9,0.0,0.0,0.9,0.6,7.3,ALBA Berlin
7,ANTON NUFER,4,1,5:01,0.2,0%,0%,50%,0.0,0.5,0.5,0.0,0.0,0.8,0.0,0.0,0.5,0.0,-0.8,ALBA Berlin
8,JONAS MATTISSECK,8,3,16:11,3.6,45.5%,20.7%,50%,0.0,0.9,0.9,0.6,0.5,0.2,0.0,0.1,2.6,0.6,-0.5,ALBA Berlin
9,TIM SCHNEIDER,9,2,19:35,6.9,71.4%,47.1%,80%,0.8,1.8,2.6,0.1,0.3,0.1,0.1,0.1,2.0,1.7,7.6,ALBA Berlin
10,MARTIN HERMANNSSON,8,8,25:58,14.6,56.4%,42.3%,73.3%,0.4,1.5,1.9,4.8,0.1,3.0,0.0,0.8,1.5,3.1,13.4,ALBA Berlin
11,ZIGA SAMAR,5,1,13:35,2.4,22.2%,50%,83.3%,0.4,0.4,0.8,1.8,0.8,2.6,0.0,0.0,1.2,1.2,1.4,ALBA Berlin
12,LOUIS OLINDE,8,7,23:49,8.2,75.9%,17.2%,58.3%,1.4,2.4,3.8,1.1,0.5,1.0,0.2,0.2,2.6,2.0,7.5,ALBA Berlin
13,KHALIFA KOUMADJE,5,3,19:21,4.4,52.6%,0%,33.3%,2.0,6.0,8.0,0.8,0.4,1.2,1.8,0.0,0.8,1.0,11.8,ALBA Berlin
14,AMON DOERRIES,2,0,7:54,1.0,0%,0%,100%,0.0,0.0,0.0,0.0,0.0,0.5,0.0,0.0,1.0,0.5,0.0,ALBA Berlin
15,ELIAS RAPIEQUE,7,3,14:54,4.4,66.7%,14.3%,50%,0.6,1.3,1.9,1.7,0.7,1.3,0.0,0.3,2.4,0.7,2.7,ALBA Berlin
16,JUSTIN BEAN,7,3,22:10,5.4,50%,38.5%,100%,2.3,4.0,6.3,1.3,0.4,0.6,0.6,0.1,1.3,1.4,10.7,ALBA Berlin
17,TREVION WILLIAMS,9,4,25:08,13.7,61.2%,24.1%,66.7%,3.1,4.8,7.9,3.8,0.8,3.7,0.9,0.2,3.6,2.4,15.6,ALBA Berlin
,Team,,,,0.0,0%,0%,0%,1.1,2.0,3.1,0.0,0.0,0.8,0.0,0.0,0.0,0.0,2.3,ALBA Berlin
,Totals,,,,779,230/410,68/238,115/157,112,258,370,175,47,157,32,24,193,177,814,ALBA Berlin
,Average,,,,77.9,56.1%,28.6%,73.2%,11.2,25.8,37.0,17.5,4.7,15.7,3.2,2.4,19.3,17.7,81.4,ALBA Berlin
1,SHANE LARKIN,5,1,21:59,10.8,61.9%,30.8%,80%,0.4,1.8,2.2,5.4,0.6,1.2,0.0,0.2,0.8,4.2,15.6,Anadolu Efes Istanbul
2,RODRIGUE BEAUBOIS,10,2,20:55,9.6,55.6%,52.6%,85.7%,0.3,1.2,1.5,1.9,0.7,0.7,0.0,0.1,2.4,0.5,7.9,Anadolu Efes Istanbul
3,JORDAN NWORA,10,7,21:21,10.4,59.1%,31%,86.7%,0.4,3.5,3.9,1.0,0.9,2.3,0.0,0.3,1.7,1.5,8.5,Anadolu Efes Istanbul
4,ELIJAH BRYANT,9,7,24:52,13.0,49.2%,34.4%,91.7%,0.9,3.7,4.6,3.6,0.9,2.0,0.3,0.6,2.9,4.1,14.9,Anadolu Efes Istanbul
5,ROLANDS SMITS,10,0,16:35,6.5,66.7%,29.4%,93.3%,0.3,1.6,1.9,0.6,0.5,1.0,0.0,0.1,2.2,1.5,5.5,Anadolu Efes Istanbul
6,DARIUS THOMPSON,10,10,27:17,11.1,56.1%,38.9%,82.1%,1.0,1.3,2.3,5.0,1.0,1.1,0.6,0.0,2.2,2.5,14.7,Anadolu Efes Istanbul
7,STANLEY JOHNSON,7,3,10:18,2.4,50%,18.2%,62.5%,0.9,1.0,1.9,0.4,0.4,0.3,0.0,0.1,1.1,0.7,2.1,Anadolu Efes Istanbul
8,VINCENT POIRIER,10,7,22:10,9.1,68.5%,0%,60.7%,1.4,3.4,4.8,1.1,0.4,0.9,1.6,0.3,2.6,2.3,12.6,Anadolu Efes Istanbul
9,DOGUS OZDEMIROGLU,7,0,7:39,2.7,42.9%,21.4%,57.1%,0.3,0.4,0.7,0.7,0.4,0.4,0.0,0.0,1.9,1.3,1.0,Anadolu Efes Istanbul
10,JUSTUS HOLLATZ,4,0,3:47,0.0,0%,0%,0%,0.0,0.2,0.2,1.0,0.0,0.5,0.0,0.0,0.8,0.0,0.0,Anadolu Efes Istanbul
11,ERCAN OSMANI,10,10,17:01,5.4,48.3%,54.5%,100%,1.0,1.9,2.9,0.8,0.6,1.0,0.2,0.3,1.8,1.1,5.9,Anadolu Efes Istanbul
12,DAN OTURU,9,3,17:13,8.8,74.4%,0%,65.2%,1.7,3.0,4.7,0.4,0.4,1.6,0.9,0.4,2.6,2.7,11.1,Anadolu Efes Istanbul
13,ERKAN YILMAZ,1,0,4:56,5.0,100%,100%,0%,1.0,1.0,2.0,0.0,0.0,0.0,0.0,0.0,0.0,0.0,7.0,Anadolu Efes Istanbul
14,DEREK WILLIS,8,0,13:59,3.2,30%,30.8%,80%,1.1,1.9,3.0,0.2,0.6,0.4,0.4,0.0,0.5,1.0,5.4,Anadolu Efes Istanbul
,Team,,,,0.0,0%,0%,0%,1.6,1.2,2.8,0.0,0.0,0.7,0.0,0.0,0.0,0.0,2.1,Anadolu Efes Istanbul
,Totals,,,,838,219/373,87/243,139/178,103,237,340,181,67,125,38,22,210,198,956,Anadolu Efes Istanbul
,Average,,,,83.8,58.7%,35.8%,78.1%,10.3,23.7,34.0,18.1,6.7,12.5,3.8,2.2,21.0,19.8,95.6,Anadolu Efes Istanbul
1,ELIE OKOBO,10,0,24:01,13.7,58.5%,37.8%,82.5%,0.0,1.1,1.1,3.9,1.1,1.3,0.2,0.2,2.3,3.7,14.7,AS Monaco
2,JARON BLOSSOMGAME,9,7,22:32,6.4,42.4%,36.4%,37.5%,1.3,1.6,2.9,0.3,0.4,0.2,0.1,0.3,2.2,1.9,4.6,AS Monaco
3,JORDAN LOYD,8,5,22:43,9.8,54.5%,29.6%,85.7%,1.0,2.9,3.9,2.5,1.4,1.5,0.1,0.2,3.0,2.8,11.0,AS Monaco
4,GEORGIOS PAPAGIANNIS,10,0,18:46,6.4,56.1%,36.4%,75%,1.5,3.0,4.5,0.5,0.3,0.4,1.2,0.2,2.1,0.9,8.4,AS Monaco
5,FURKAN KORKMAZ,2,1,10:02,6.0,80%,33.3%,50%,0.0,1.5,1.5,0.0,1.5,1.0,0.0,0.0,1.5,1.0,5.5,AS Monaco
6,ALPHA DIALLO,10,4,26:44,10.5,57.1%,36.8%,71.4%,1.7,2.4,4.1,2.0,1.4,1.8,0.2,0.2,3.1,2.8,11.5,AS Monaco
7,PETR CORNELIE,2,0,15:49,3.0,100%,0%,66.7%,3.0,1.5,4.5,0.5,0.0,0.5,0.5,0.0,3.5,2.5,5.5,AS Monaco
8,MAM JAITEH,7,6,18:38,7.7,63.2%,0%,50%,2.0,3.3,5.3,0.4,0.3,0.6,0.3,0.3,2.0,2.1,10.4,AS Monaco
9,DONATAS MOTIEJUNAS,10,10,18:09,6.9,52.9%,30%,42.9%,1.8,2.4,4.2,0.9,0.5,1.0,0.2,0.0,2.2,1.9,7.5,AS Monaco
10,TERRY TARPEY,2,0,0:23,0.0,0%,0%,0%,0.0,0.5,0.5,0.0,0.0,0.0,0.0,0.0,0.5,0.0,0.0,AS Monaco
11,JUHANN BEGARIN,1,0,2:31,0.0,0%,0%,0%,0.0,0.0,0.0,0.0,0.0,0.0,0.0,0.0,0.0,0.0,0.0,AS Monaco
12,VITTO BROWN,10,3,11:48,4.1,45.5%,35.7%,85.7%,1.1,1.5,2.6,0.7,0.4,0.3,0.0,0.1,0.9,0.4,4.7,AS Monaco
13,MATTHEW STRAZEL,10,4,17:19,6.1,53.3%,35.3%,90%,0.2,0.2,0.4,1.0,0.1,1.1,0.0,0.2,1.7,1.2,2.8,AS Monaco
14,MIKE JAMES,10,10,26:10,14.4,51.5%,25%,72.7%,0.1,3.0,3.1,4.3,1.6,1.5,0.1,0.6,1.1,4.8,16.8,AS Monaco
,Team,,,,0.0,0%,0%,0%,1.1,2.3,3.4,0.0,0.0,0.4,0.0,0.0,0.0,0.0,3.0,AS Monaco
,Totals,,,,829,226/414,74/226,155/219,115,226,341,160,74,99,24,22,203,218,918,AS Monaco
,Average,,,,82.9,54.6%,32.7%,70.8%,11.5,22.6,34.1,16.0,7.4,9.9,2.4,2.2,20.3,21.8,91.8,AS Monaco
1,MARKUS HOWARD,10,5,23:43,10.2,36.7%,31%,100%,0.4,0.8,1.2,1.1,0.4,1.3,0.0,0.2,2.4,2.0,4.2,Baskonia Vitoria-Gasteiz
2,SANDER RAIESTE,1,0,2:26,0.0,0%,0%,0%,0.0,0.0,0.0,0.0,0.0,0.0,0.0,0.0,0.0,0.0,-1.0,Baskonia Vitoria-Gasteiz
3,PAVEL SAVKOV,2,1,5:52,0.0,0%,0%,0%,0.0,1.0,1.0,0.0,0.0,0.5,0.0,0.0,1.0,0.0,-3.5,Baskonia Vitoria-Gasteiz
4,TADAS SEDEKERSKIS,6,5,26:28,10.2,65%,50%,80%,1.8,3.2,5.0,1.8,0.5,0.8,0.0,0.3,0.2,2.0,15.2,Baskonia Vitoria-Gasteiz
5,TIMOTHE LUWAWU-CABARROT,10,7,24:46,8.6,37.7%,28.1%,100%,0.8,2.2,3.0,1.8,1.1,2.0,0.2,0.5,3.0,1.7,4.8,Baskonia Vitoria-Gasteiz
6,OGNJEN JARAMAZ,6,0,8:39,1.8,36.4%,0%,75%,0.0,0.3,0.3,1.7,0.8,0.3,0.2,0.0,1.2,1.3,3.2,Baskonia Vitoria-Gasteiz
7,TRENT FORREST,10,6,21:04,9.1,50%,35.7%,82.4%,0.4,2.5,2.9,3.4,0.2,1.6,0.0,0.7,1.6,1.6,9.0,Baskonia Vitoria-Gasteiz
8,NIKOLAOS ROGKAVOPOULOS,9,0,13:15,6.3,47.6%,37.9%,66.7%,1.2,1.3,2.6,0.6,0.3,0.2,0.1,0.2,1.0,0.6,5.6,Baskonia Vitoria-Gasteiz
9,KHALIFA DIOP,10,0,17:56,4.9,57.6%,0%,61.1%,2.4,3.0,5.4,0.4,0.4,0.5,0.5,0.5,1.6,2.0,8.8,Baskonia Vitoria-Gasteiz
10,KAMAR BALDWIN,10,5,18:34,5.6,33.3%,36.4%,100%,0.2,1.4,1.6,3.4,0.7,0.9,0.2,0.2,2.0,0.8,4.8,Baskonia Vitoria-Gasteiz
11,DONTA HALL,10,10,20:58,8.0,66.7%,0%,69%,1.7,3.8,5.5,0.6,0.6,0.9,1.1,0.3,2.1,2.4,12.5,Baskonia Vitoria-Gasteiz
12,OUSMANE NDIAYE,8,3,11:36,3.1,53.3%,20%,0%,1.2,2.0,3.2,0.5,0.1,0.2,0.5,0.0,1.0,0.4,4.2,Baskonia Vitoria-Gasteiz
13,CHIMA MONEKE,10,8,29:14,14.6,64.9%,21.6%,85.7%,2.2,3.8,6.0,2.0,0.8,1.8,0.0,0.6,1.6,4.9,18.6,Baskonia Vitoria-Gasteiz
,Team,,,,0.0,0%,0%,0%,1.6,2.4,4.0,0.0,0.0,1.3,0.0,0.0,0.0,0.0,2.7,Baskonia Vitoria-Gasteiz
,Totals,,,,764,201/402,75/245,137/169,129,250,379,157,54,115,26,34,170,182,840,Baskonia Vitoria-Gasteiz
,Average,,,,76.4,50%,30.6%,81.1%,12.9,25.0,37.9,15.7,5.4,11.5,2.6,3.4,17.0,18.2,84.0,Baskonia Vitoria-Gasteiz
1,CODI MILLER-MCINTYRE,10,9,25:12,10.1,50%,29%,76.9%,0.7,2.8,3.5,4.8,0.5,1.4,0.0,0.4,2.0,2.0,11.4,Crvena Zvezda Meridianbet Belgrade
2,ISAIAH CANAAN,10,6,23:31,11.2,42.4%,46%,78.9%,0.3,1.0,1.3,1.1,1.0,0.9,0.1,0.4,2.0,1.4,7.8,Crvena Zvezda Meridianbet Belgrade
3,MILOS TEODOSIC,7,0,13:38,5.4,25%,30%,87.5%,0.1,1.3,1.4,3.0,0.4,1.3,0.1,0.0,2.6,1.1,3.7,Crvena Zvezda Meridianbet Belgrade
4,DEJAN DAVIDOVAC,7,0,7:28,1.3,40%,0%,83.3%,0.1,1.3,1.4,0.3,0.0,0.0,0.0,0.0,0.7,0.7,2.3,Crvena Zvezda Meridianbet Belgrade
5,LUKA MITROVIC,10,1,12:22,4.7,59.3%,0%,65.2%,1.1,1.8,2.9,0.7,0.1,1.6,0.3,0.2,2.4,2.5,5.1,Crvena Zvezda Meridianbet Belgrade
6,BRANKO LAZIC,4,0,7:08,0.8,0%,100%,0%,0.0,1.0,1.0,0.0,0.2,0.2,0.0,0.0,1.8,0.2,0.2,Crvena Zvezda Meridianbet Belgrade
7,NIKOLA KALINIC,10,10,28:18,10.4,60%,56.2%,60.9%,1.3,3.0,4.3,2.2,0.7,1.4,0.2,0.3,1.3,2.7,14.0,Crvena Zvezda Meridianbet Belgrade
8,OGNJEN DOBRIC,8,0,8:11,1.8,44.4%,33.3%,0%,0.2,0.6,0.9,0.4,0.4,0.5,0.0,0.0,1.1,0.2,0.9,Crvena Zvezda Meridianbet Belgrade
9,JOEL BOLOMBOY,4,4,24:57,12.5,69%,100%,50%,2.2,6.8,9.0,0.8,0.2,1.8,1.0,0.2,3.8,1.0,16.2,Crvena Zvezda Meridianbet Belgrade
10,MIKE DAUM,10,10,16:14,6.0,62.5%,27.3%,100%,0.8,2.0,2.8,0.2,0.3,0.8,0.1,0.2,1.6,1.2,5.5,Crvena Zvezda Meridianbet Belgrade
11,FILIP PETRUSEV,5,0,17:25,12.8,66.7%,37.5%,90.5%,1.8,3.4,5.2,1.2,0.6,0.8,0.4,0.6,2.2,3.4,16.8,Crvena Zvezda Meridianbet Belgrade
12,ROKAS GIEDRAITIS,10,0,14:48,3.2,45.5%,33.3%,50%,0.4,0.6,1.0,0.9,0.7,0.4,0.1,0.0,1.7,0.7,2.3,Crvena Zvezda Meridianbet Belgrade
13,UROS PLAVSIC,7,5,12:23,6.0,54.5%,0%,46.2%,1.1,2.0,3.1,0.3,0.6,0.3,0.3,0.9,2.1,1.4,5.3,Crvena Zvezda Meridianbet Belgrade
14,NEMANJA NEDOVIC,8,4,18:09,10.0,57.1%,44.1%,73.3%,0.5,0.4,0.9,3.0,0.9,1.4,0.0,0.4,2.0,1.9,8.9,Crvena Zvezda Meridianbet Belgrade
15,YAGO DOS SANTOS,10,1,15:57,6.9,50%,34.8%,88.2%,0.0,1.0,1.0,2.4,0.4,1.2,0.0,0.2,1.2,2.8,7.7,Crvena Zvezda Meridianbet Belgrade
,Team,,,,0.0,0%,0%,0%,2.1,1.5,3.6,0.0,0.0,1.3,0.0,0.0,0.0,0.0,2.3,Crvena Zvezda Meridianbet Belgrade
,Totals,,,,825,191/351,103/259,134/180,101,225,326,184,59,128,17,30,218,195,868,Crvena Zvezda Meridianbet Belgrade
,Average,,,,82.5,54.4%,39.8%,74.4%,10.1,22.5,32.6,18.4,5.9,12.8,1.7,3.0,21.8,19.5,86.8,Crvena Zvezda Meridianbet Belgrade
1,NENO DIMITRIJEVIC,10,7,22:12,9.7,42.6%,31%,80%,0.6,1.7,2.3,3.4,0.7,2.4,0.0,0.3,1.4,1.7,7.4,EA7 Emporio Armani Milan
2,NICCOLO MANNION,3,0,18:08,10.0,72.7%,42.9%,83.3%,0.0,0.7,0.7,5.0,1.3,3.7,0.0,0.3,3.7,2.3,9.0,EA7 Emporio Armani Milan
3,GIORDANO BORTOLANI,1,0,3:41,3.0,50%,0%,50%,1.0,0.0,1.0,0.0,0.0,0.0,0.0,0.0,0.0,1.0,2.0,EA7 Emporio Armani Milan
4,FABIEN CAUSEUR,9,1,19:47,6.1,47.6%,41.2%,82.4%,1.0,1.8,2.8,1.8,0.8,0.9,0.0,0.2,1.8,1.7,7.6,EA7 Emporio Armani Milan
5,STEFANO TONUT,9,2,13:34,3.3,50%,46.2%,100%,0.3,0.6,0.9,0.6,0.1,0.4,0.2,0.2,1.7,0.3,1.8,EA7 Emporio Armani Milan
6,LEANDRO BOLMARO,9,6,23:47,7.1,48.8%,21.4%,61.9%,0.6,2.1,2.7,3.7,1.3,1.1,0.1,0.3,1.9,2.7,9.7,EA7 Emporio Armani Milan
7,ARMONI BROOKS,10,2,15:05,7.6,52.4%,37.2%,100%,0.3,1.6,1.9,0.6,0.5,0.5,0.0,0.0,1.7,0.7,5.4,EA7 Emporio Armani Milan
8,ZACH LEDAY,10,4,27:10,14.6,50%,58.3%,92.6%,1.1,3.2,4.3,1.1,0.5,1.2,0.0,0.3,2.5,6.5,18.9,EA7 Emporio Armani Milan
9,GIAMPAOLO RICCI,10,7,16:27,4.1,37.5%,57.9%,100%,0.9,1.6,2.5,0.5,0.5,0.6,0.3,0.1,2.7,0.3,3.5,EA7 Emporio Armani Milan
10,DIEGO FLACCADORI,2,0,4:21,1.5,0%,33.3%,0%,0.0,0.0,0.0,1.0,0.0,0.0,0.0,0.0,0.5,0.0,1.0,EA7 Emporio Armani Milan
11,OUSMANE DIOP,4,1,11:40,6.0,73.3%,0%,100%,1.8,1.5,3.2,1.0,0.2,1.2,0.2,0.0,3.2,1.0,6.2,EA7 Emporio Armani Milan
12,GUGLIELMO CARUSO,6,1,8:39,3.5,66.7%,0%,100%,1.2,1.0,2.2,0.3,0.2,0.2,0.3,0.5,2.0,0.3,3.3,EA7 Emporio Armani Milan
13,SHAVON SHIELDS,5,5,29:43,11.6,44.1%,27.8%,68.4%,1.0,3.0,4.0,2.6,0.6,2.0,0.0,0.4,1.4,3.2,10.6,EA7 Emporio Armani Milan
14,JOSH NEBO,3,3,20:15,7.3,64.3%,0%,50%,1.3,2.0,3.3,0.7,0.3,1.0,1.0,0.0,2.0,3.0,9.7,EA7 Emporio Armani Milan
15,NIKOLA MIROTIC,10,10,28:49,17.3,46.7%,40.4%,85.7%,2.1,5.4,7.5,1.6,1.0,1.6,0.2,0.3,1.6,5.0,21.7,EA7 Emporio Armani Milan
16,DAVID MC CORMACK,6,1,6:19,1.0,37.5%,0%,0%,0.2,0.5,0.7,0.2,0.2,0.7,0.0,0.0,1.5,0.3,-0.7,EA7 Emporio Armani Milan
,Team,,,,0.0,0%,0%,0%,2.0,2.0,4.0,0.0,0.0,1.1,0.0,0.0,0.0,0.0,2.9,EA7 Emporio Armani Milan
,Totals,,,,849,185/370,102/258,173/211,112,233,345,165,63,130,14,23,206,225,923,EA7 Emporio Armani Milan
,Average,,,,84.9,50%,39.5%,82%,11.2,23.3,34.5,16.5,6.3,13.0,1.4,2.3,20.6,22.5,92.3,EA7 Emporio Armani Milan
1,KEVIN PUNTER,10,10,25:34,16.7,59.7%,42.9%,93.8%,0.1,1.8,1.9,2.8,1.6,1.2,0.1,0.2,1.8,3.4,17.8,FC Barcelona
2,JUSTIN ANDERSON,9,2,16:48,5.3,71.4%,28.6%,100%,0.7,2.0,2.7,1.0,0.8,0.3,0.6,0.0,1.4,0.8,7.6,FC Barcelona
3,DAME SARR,4,0,5:58,2.8,66.7%,33.3%,0%,0.5,0.5,1.0,0.2,0.5,0.2,0.2,0.0,1.0,0.5,2.8,FC Barcelona
4,JAN VESELY,10,5,21:17,10.1,57.1%,100%,85%,1.0,3.1,4.1,2.0,1.3,0.6,0.7,0.0,2.4,2.1,14.3,FC Barcelona
5,DARIO BRIZUELA,9,0,14:10,6.1,48.1%,30.8%,83.3%,0.2,1.0,1.2,1.6,0.4,1.0,0.1,0.4,1.6,1.0,3.8,FC Barcelona
6,CHIMEZIE METU,10,0,18:48,7.9,60%,28.6%,63.6%,1.3,3.1,4.4,0.5,0.8,2.1,0.6,0.2,2.1,1.1,7.2,FC Barcelona
7,TOMAS SATORANSKY,10,5,20:59,4.5,37%,30%,77.8%,1.1,1.7,2.8,4.3,0.9,1.8,0.0,0.3,1.9,2.1,7.3,FC Barcelona
8,WILLY HERNANGOMEZ,8,5,15:12,8.1,69.4%,0%,55.6%,1.2,2.1,3.4,1.0,0.2,1.1,0.0,0.2,1.6,2.4,9.2,FC Barcelona
9,JUAN NUNEZ,10,5,15:19,4.6,44.8%,33.3%,62.5%,0.6,2.1,2.7,3.0,0.7,1.5,0.0,0.1,2.0,1.8,6.3,FC Barcelona
10,YOUSSOUPHA FALL,5,1,5:43,2.4,71.4%,0%,100%,0.8,0.8,1.6,0.0,0.0,0.6,0.2,0.0,1.0,0.6,2.8,FC Barcelona
11,NICOLAS LAPROVITTOLA,4,0,22:01,10.0,58.3%,53.8%,62.5%,0.2,0.8,1.0,6.2,1.0,2.0,0.0,0.0,2.8,3.2,13.2,FC Barcelona
12,ALEX ABRINES,10,6,17:30,5.7,40%,44.4%,83.3%,0.9,1.5,2.4,0.6,0.5,0.2,0.2,0.0,2.1,1.0,5.7,FC Barcelona
13,JABARI PARKER,10,10,26:42,12.7,59.1%,41.2%,85.7%,0.8,3.0,3.8,2.1,1.0,1.3,0.4,0.1,1.9,1.4,13.1,FC Barcelona
14,JOEL PARRA,3,1,7:17,4.0,50%,50%,100%,0.0,1.3,1.3,0.0,0.0,0.0,0.0,0.0,0.7,0.7,4.0,FC Barcelona
,Team,,,,0.0,0%,0%,0%,1.2,1.3,2.5,0.0,0.0,0.1,0.0,0.0,0.0,0.0,2.4,FC Barcelona
,Totals,,,,865,222/388,101/256,118/152,95,233,328,210,87,121,28,15,204,184,1007,FC Barcelona
,Average,,,,86.5,57.2%,39.5%,77.6%,9.5,23.3,32.8,21.0,8.7,12.1,2.8,1.5,20.4,18.4,100.7,FC Barcelona
1,NICK WEILER-BABB,10,10,25:57,7.4,52.6%,35.9%,75%,1.0,3.9,4.9,4.8,1.5,1.4,0.0,0.1,2.6,1.4,12.1,FC Bayern Munich
2,OSCAR DA SILVA,10,0,17:23,6.6,77.4%,40%,75%,1.3,2.1,3.4,0.3,0.5,0.6,0.4,0.1,2.1,1.7,8.6,FC Bayern Munich
3,CARSEN EDWARDS,10,7,28:45,21.0,52.4%,38%,94.4%,0.8,1.8,2.6,3.3,1.0,2.1,0.0,0.8,2.8,3.6,16.8,FC Bayern Munich
4,NIELS GIFFEY,1,0,18:36,6.0,0%,100%,0%,0.0,3.0,3.0,1.0,1.0,0.0,1.0,0.0,0.0,1.0,13.0,FC Bayern Munich
5,JOHANNES VOIGTMANN,10,10,24:17,5.9,52.4%,36.7%,50%,1.5,3.9,5.4,2.5,0.4,1.5,0.0,0.2,1.5,0.8,8.5,FC Bayern Munich
6,SHABAZZ NAPIER,10,1,22:21,12.8,54.8%,42.3%,96.6%,0.6,1.5,2.1,2.7,1.3,1.8,0.0,0.3,2.4,3.4,13.3,FC Bayern Munich
7,IVAN KHARCHENKOV,9,0,8:18,2.7,46.2%,20%,85.7%,0.1,0.6,0.7,0.4,0.2,0.9,0.1,0.4,1.4,0.6,0.1,FC Bayern Munich
8,VLADIMIR LUCIC,2,2,21:48,5.5,40%,0%,100%,0.5,2.0,2.5,1.0,1.0,1.0,0.0,0.0,0.5,2.5,7.0,FC Bayern Munich
9,ANDREAS OBST,10,10,22:34,7.5,62.5%,34.8%,63.6%,0.4,1.6,2.0,1.8,0.5,1.2,0.0,0.1,1.9,2.0,6.6,FC Bayern Munich
10,ELIAS HARRIS,7,0,9:54,3.3,66.7%,0%,87.5%,0.4,1.0,1.4,0.9,0.0,0.3,0.0,0.0,1.3,1.3,4.6,FC Bayern Munich
11,DANKO BRANKOVIC,7,0,7:06,3.3,75%,0%,83.3%,0.7,0.9,1.6,0.0,0.1,0.4,0.3,0.0,1.9,0.4,2.9,FC Bayern Munich
12,DEVIN BOOKER,10,10,25:18,15.9,67.1%,41.7%,89.7%,1.2,3.3,4.5,1.2,1.1,1.4,0.3,0.4,2.5,3.7,18.3,FC Bayern Munich
13,YAM MADAR,5,0,11:56,4.2,57.1%,14.3%,100%,0.2,1.2,1.4,1.6,0.8,1.2,0.2,0.0,0.8,0.8,4.6,FC Bayern Munich
14,KEVIN YEBO,4,0,4:27,1.8,100%,0%,83.3%,0.0,0.2,0.2,0.2,0.2,0.5,0.0,0.0,0.8,1.0,2.0,FC Bayern Munich
,Team,,,,0.0,0%,0%,0%,1.9,1.3,3.2,0.0,0.0,0.6,0.0,0.0,0.0,0.0,2.6,FC Bayern Munich
,Totals,,,,886,196/327,112/304,158/183,98,226,324,188,74,129,12,24,201,197,979,FC Bayern Munich
,Average,,,,88.6,59.9%,36.8%,86.3%,9.8,22.6,32.4,18.8,7.4,12.9,1.2,2.4,20.1,19.7,97.9,FC Bayern Munich
1,WADE BALDWIN IV,8,8,26:01,10.1,37.5%,31%,80%,0.9,1.8,2.6,4.0,1.1,2.8,0.2,0.5,2.1,3.2,9.6,Fenerbahce Beko Istanbul
2,SCOTTIE WILBEKIN,1,0,2:05,0.0,0%,0%,0%,0.0,0.0,0.0,0.0,0.0,1.0,0.0,0.0,0.0,1.0,0.0,Fenerbahce Beko Istanbul
3,NICOLO MELLI,10,0,20:41,4.9,64.7%,38.1%,50%,1.0,3.4,4.4,1.4,0.8,0.8,0.6,0.0,3.4,1.0,6.7,Fenerbahce Beko Istanbul
4,SERTAC SANLI,7,2,12:11,5.4,50%,55.6%,83.3%,1.9,2.0,3.9,0.7,0.0,0.6,0.1,0.1,2.9,1.1,5.7,Fenerbahce Beko Istanbul
5,SKYLAR MAYS,6,0,8:54,3.5,47.1%,25%,100%,0.8,0.7,1.5,0.7,0.5,0.8,0.0,0.2,0.7,0.3,2.8,Fenerbahce Beko Istanbul
6,MELIH MAHMUTOGLU,2,0,4:13,1.5,0%,50%,0%,0.0,0.5,0.5,0.0,0.0,0.0,0.0,0.0,0.0,0.0,1.5,Fenerbahce Beko Istanbul
7,NIGEL HAYES-DAVIS,10,10,28:25,17.5,50.7%,46.6%,86.7%,1.6,3.7,5.3,0.8,1.0,1.7,0.3,0.8,1.4,3.8,18.0,Fenerbahce Beko Istanbul
8,TARIK BIBEROVIC,8,1,20:47,10.5,47.6%,42.2%,77.8%,0.9,2.0,2.9,0.8,0.5,1.5,0.2,0.0,2.5,1.2,7.2,Fenerbahce Beko Istanbul
9,DEVON HALL,9,5,23:58,7.7,45.2%,41.4%,71.4%,0.4,1.3,1.8,3.7,0.4,1.0,0.1,0.3,1.8,1.7,8.2,Fenerbahce Beko Istanbul
10,DYSHAWN PIERRE,7,0,14:08,3.6,25%,38.5%,100%,0.4,1.0,1.4,1.0,0.4,0.6,0.3,0.3,0.9,1.1,4.1,Fenerbahce Beko Istanbul
11,MARKO GUDURIC,8,3,20:09,8.8,52%,29.6%,95.2%,0.5,1.9,2.4,2.8,0.6,1.4,0.0,0.5,2.6,2.9,8.9,Fenerbahce Beko Istanbul
12,ARTURS ZAGARS,7,3,14:18,5.0,44.4%,26.7%,75%,0.4,0.9,1.3,2.3,0.3,1.6,0.0,0.0,2.6,2.7,4.4,Fenerbahce Beko Istanbul
13,BONZIE COLSON,10,10,22:41,8.4,51.1%,31%,64.7%,1.0,3.3,4.3,0.6,0.4,0.9,0.4,0.3,2.0,1.9,8.0,Fenerbahce Beko Istanbul
14,BOBAN MARJANOVIC,5,2,11:20,4.8,47.6%,0%,100%,0.6,3.0,3.6,0.8,0.2,0.8,0.0,0.0,1.4,1.0,5.8,Fenerbahce Beko Istanbul
15,KHEM BIRCH,10,6,12:32,2.7,42.9%,0%,81.8%,1.4,2.2,3.6,1.0,0.7,0.8,0.3,0.1,1.8,1.0,5.2,Fenerbahce Beko Istanbul
,Team,,,,0.0,0%,0%,0%,2.7,2.1,4.8,0.0,0.0,0.6,0.0,0.0,0.0,0.0,4.2,Fenerbahce Beko Istanbul
,Totals,,,,785,162/340,108/282,137/169,126,251,377,167,60,131,24,27,215,194,850,Fenerbahce Beko Istanbul
,Average,,,,78.5,47.6%,38.3%,81.1%,12.6,25.1,37.7,16.7,6.0,13.1,2.4,2.7,21.5,19.4,85.0,Fenerbahce Beko Istanbul
1,SHAQUILLE HARRISON,10,4,19:26,6.4,53.5%,41.7%,37.5%,0.6,1.7,2.3,1.4,1.3,1.1,0.1,0.2,2.2,1.3,6.1,LDLC ASVEL Villeurbanne
2,ADMIRAL SCHOFIELD,6,5,17:00,6.2,37.5%,45.5%,33.3%,0.7,1.5,2.2,0.2,0.0,1.0,0.2,0.0,1.8,0.5,3.2,LDLC ASVEL Villeurbanne
3,PARIS LEE,3,3,25:56,12.3,38.9%,50%,83.3%,0.0,1.7,1.7,3.7,1.3,1.0,0.0,0.3,1.0,2.3,13.0,LDLC ASVEL Villeurbanne
4,CHARLES KAHUDI,10,1,13:29,3.3,60%,16.7%,90%,0.2,0.9,1.1,0.1,0.1,0.9,0.0,0.1,1.9,1.1,1.1,LDLC ASVEL Villeurbanne
5,THEO MALEDON,10,10,28:17,17.0,50.9%,35.3%,86.6%,0.6,3.8,4.4,3.9,1.1,2.7,0.2,0.5,1.7,6.1,20.8,LDLC ASVEL Villeurbanne
6,JOFFREY LAUVERGNE,6,4,21:40,10.5,54.3%,37.5%,66.7%,2.3,2.8,5.2,0.8,0.2,1.3,0.3,0.7,2.5,1.8,9.7,LDLC ASVEL Villeurbanne
7,MELVIN AJINCA,4,1,13:17,2.8,50%,23.1%,0%,0.5,1.8,2.2,0.2,0.2,0.8,0.0,0.5,1.8,0.0,-0.2,LDLC ASVEL Villeurbanne
8,EDWIN JACKSON,7,2,18:54,6.3,52.2%,35.3%,100%,0.7,1.3,2.0,1.0,0.0,0.7,0.0,0.1,1.7,1.1,4.7,LDLC ASVEL Villeurbanne
9,NANDO DE COLO,9,0,20:23,10.6,45.7%,36.1%,92.3%,0.2,0.9,1.1,5.3,0.8,2.2,0.0,0.4,1.4,2.9,11.7,LDLC ASVEL Villeurbanne
10,NEAL SAKO,9,8,23:02,10.1,59%,0%,63.3%,3.0,4.6,7.6,0.4,1.3,0.6,0.8,0.8,2.4,3.0,15.4,LDLC ASVEL Villeurbanne
11,ANDRE ROBERSON,2,0,19:08,3.5,25%,50%,50%,1.5,6.0,7.5,0.5,1.0,2.5,2.0,0.0,2.0,1.5,8.5,LDLC ASVEL Villeurbanne
12,DAVID LIGHTY,10,9,22:19,6.1,32%,52.2%,90%,0.5,1.4,1.9,1.6,0.5,0.3,0.1,0.1,2.3,0.7,5.3,LDLC ASVEL Villeurbanne
13,MBAYE NDIAYE,8,3,17:25,5.5,47.8%,37.5%,66.7%,0.5,1.9,2.4,0.9,0.1,1.0,0.8,0.1,2.0,0.9,4.4,LDLC ASVEL Villeurbanne
14,TARIK BLACK,8,0,11:21,3.9,61.1%,0%,60%,1.1,2.2,3.4,0.4,0.1,1.0,0.0,0.2,2.5,1.8,4.1,LDLC ASVEL Villeurbanne
15,YOHANN SISSOKO,1,0,5:33,0.0,0%,0%,0%,0.0,0.0,0.0,0.0,0.0,2.0,0.0,0.0,2.0,0.0,-4.0,LDLC ASVEL Villeurbanne
16,MBIYA PAUL,2,0,2:03,0.0,0%,0%,0%,0.0,0.0,0.0,0.0,0.5,0.0,0.0,0.0,0.0,0.0,0.5,LDLC ASVEL Villeurbanne
,Team,,,,0.0,0%,0%,0%,1.4,1.1,2.5,0.0,0.0,0.7,0.0,0.0,0.0,0.0,1.8,LDLC ASVEL Villeurbanne
,Totals,,,,788,192/378,85/224,149/193,103,230,333,158,60,130,24,31,206,198,825,LDLC ASVEL Villeurbanne
,Average,,,,78.8,50.8%,37.9%,77.2%,10.3,23.0,33.3,15.8,6.0,13.0,2.4,3.1,20.6,19.8,82.5,LDLC ASVEL Villeurbanne
1,JAYLEN HOARD,10,8,31:05,13.7,59.2%,35.7%,82.1%,1.4,4.2,5.6,1.0,1.1,0.4,0.1,0.4,2.0,2.7,16.7,Maccabi Playtika Tel Aviv
2,JORDAN LOYD,2,2,27:34,15.5,62.5%,28.6%,100%,0.5,2.0,2.5,1.5,0.5,1.0,0.0,0.0,3.0,4.0,14.5,Maccabi Playtika Tel Aviv
3,SABEN LEE,8,1,19:21,12.0,47.6%,31.6%,76%,0.4,1.8,2.1,2.5,1.2,2.2,0.0,0.8,1.4,4.6,12.2,Maccabi Playtika Tel Aviv
4,ALPHA KABA,4,0,1:57,0.2,0%,0%,50%,0.2,0.5,0.8,0.0,0.0,0.0,0.0,0.0,1.0,0.2,0.0,Maccabi Playtika Tel Aviv
5,RAFI MENCO,5,1,3:37,1.4,66.7%,33.3%,0%,0.4,0.6,1.0,0.0,0.0,0.0,0.0,0.0,0.2,0.0,1.6,Maccabi Playtika Tel Aviv
6,ROMAN SORKIN,10,6,22:42,10.3,50%,32.3%,79.2%,1.6,2.0,3.6,0.7,0.7,1.9,0.6,0.5,2.8,1.6,7.0,Maccabi Playtika Tel Aviv
7,OMER MAYER,1,0,18:00,3.0,0%,100%,0%,0.0,0.0,0.0,1.0,1.0,3.0,0.0,1.0,3.0,1.0,-2.0,Maccabi Playtika Tel Aviv
8,WILLIAM RAYMAN,10,2,10:50,1.8,38.5%,50%,50%,1.3,1.6,2.9,0.0,0.2,0.0,0.2,0.3,2.2,0.8,2.2,Maccabi Playtika Tel Aviv
9,JOHN DIBARTOLOMEO,9,3,16:45,2.9,0%,25.8%,100%,0.6,0.3,0.9,0.6,0.7,0.3,0.0,0.0,2.3,1.9,0.8,Maccabi Playtika Tel Aviv
10,JASIEL RIVERO,8,4,23:48,11.4,65.5%,40%,65%,2.5,3.2,5.8,1.8,1.0,1.1,0.5,0.6,2.2,3.5,16.2,Maccabi Playtika Tel Aviv
11,JAKE COHEN,7,0,7:35,2.1,42.9%,20%,100%,0.7,0.7,1.4,0.3,0.3,0.1,0.0,0.1,1.0,0.6,2.3,Maccabi Playtika Tel Aviv
12,LEVI RANDOLPH,10,10,30:02,12.1,50.6%,50%,76.5%,1.4,3.0,4.4,1.4,0.3,1.2,0.0,0.1,2.3,1.7,11.1,Maccabi Playtika Tel Aviv
13,ROKAS JOKUBAITIS,7,5,23:14,10.0,51.2%,31.6%,72.7%,0.9,1.7,2.6,4.9,1.0,2.6,0.1,0.1,1.7,2.4,11.3,Maccabi Playtika Tel Aviv
14,WENYEN GABRIEL,3,2,14:27,5.7,53.3%,0%,33.3%,1.7,2.7,4.3,1.0,1.0,2.3,1.0,0.3,3.3,1.3,4.3,Maccabi Playtika Tel Aviv
15,TAMIR BLATT,6,6,26:48,11.5,50%,45.2%,100%,0.5,2.2,2.7,8.7,0.2,3.3,0.0,0.3,1.5,3.2,16.8,Maccabi Playtika Tel Aviv
16,DAVID DE JULIUS,3,0,12:36,4.7,57.1%,33.3%,0%,0.7,0.3,1.0,0.7,0.3,0.0,0.0,0.0,2.0,0.7,3.0,Maccabi Playtika Tel Aviv
,Team,,,,0.0,0%,0%,0%,1.6,1.7,3.3,0.0,0.0,0.9,0.0,0.0,0.0,0.0,2.4,Maccabi Playtika Tel Aviv
,Totals,,,,819,229/433,70/199,151/194,126,216,342,167,63,125,17,30,201,206,882,Maccabi Playtika Tel Aviv
,Average,,,,81.9,52.9%,35.2%,77.8%,12.6,21.6,34.2,16.7,6.3,12.5,1.7,3.0,20.1,20.6,88.2,Maccabi Playtika Tel Aviv
1,THOMAS WALKUP,10,9,22:31,4.3,41.2%,36.4%,100%,0.3,2.3,2.6,5.6,1.3,1.7,0.3,0.2,3.0,2.1,8.9,Olympiacos Piraeus
2,NIGEL WILLIAMS-GOSS,7,1,17:03,6.0,42.9%,23.1%,81.8%,0.6,1.7,2.3,2.0,0.4,1.9,0.0,0.0,2.1,1.7,4.4,Olympiacos Piraeus
3,MOSES WRIGHT,10,2,13:50,5.2,47.4%,16.7%,59.1%,0.5,2.0,2.5,0.5,0.7,1.0,0.3,0.2,1.7,1.7,4.6,Olympiacos Piraeus
4,GIANNOULIS LARENTZAKIS,1,0,1:45,0.0,0%,0%,0%,0.0,0.0,0.0,0.0,0.0,0.0,0.0,0.0,0.0,0.0,-1.0,Olympiacos Piraeus
5,LUCA VILDOZA,10,3,16:54,5.2,61.5%,40.7%,75%,0.1,1.9,2.0,2.7,0.8,0.7,0.0,0.0,1.5,0.7,7.0,Olympiacos Piraeus
6,MOUSTAPHA FALL,9,6,13:35,4.9,81%,0%,62.5%,0.6,1.1,1.7,2.2,0.2,0.9,0.4,0.1,2.7,1.6,6.2,Olympiacos Piraeus
7,SASHA VEZENKOV,10,10,27:40,18.5,63.5%,35.3%,88.7%,1.8,4.1,5.9,1.7,0.8,0.8,0.3,0.4,1.2,3.7,22.9,Olympiacos Piraeus
8,KOSTAS PAPANIKOLAOU,10,6,15:41,4.4,58.3%,39.1%,60%,0.5,1.4,1.9,1.9,0.4,0.3,0.2,0.0,1.5,1.0,5.9,Olympiacos Piraeus
9,TYLER DORSEY,9,1,12:29,5.1,46.7%,34.8%,66.7%,0.1,0.9,1.0,1.4,0.3,1.1,0.1,0.1,1.0,1.8,4.6,Olympiacos Piraeus
10,ALEC PETERS,10,0,14:14,4.8,40.9%,57.1%,100%,0.5,1.2,1.7,0.5,0.1,0.1,0.1,0.3,1.4,0.5,4.0,Olympiacos Piraeus
11,FILIP PETRUSEV,4,0,10:52,5.0,40%,0%,72.7%,1.0,1.5,2.5,0.5,0.0,1.5,0.0,0.2,2.5,1.8,1.8,Olympiacos Piraeus
12,NIKOLA MILUTINOV,5,2,18:59,10.0,60%,0%,82.4%,4.0,2.8,6.8,0.8,0.6,0.4,0.8,0.2,1.0,3.2,17.6,Olympiacos Piraeus
13,SHAQUIELLE MCKISSIC,10,0,16:05,9.3,61.5%,40%,73.5%,0.6,2.4,3.0,1.8,0.3,0.9,0.0,0.3,0.9,2.1,10.7,Olympiacos Piraeus
14,EVAN FOURNIER,10,10,23:37,14.0,51.9%,40%,80%,0.8,1.4,2.2,1.3,0.9,1.7,0.2,0.3,1.8,2.3,10.8,Olympiacos Piraeus
,Team,,,,0.0,0%,0%,0%,1.9,1.5,3.4,0.0,0.0,0.6,0.0,0.0,0.0,0.0,2.8,Olympiacos Piraeus
,Totals,,,,859,199/363,94/251,179/230,104,232,336,213,64,117,23,21,193,206,998,Olympiacos Piraeus
,Average,,,,85.9,54.8%,37.5%,77.8%,10.4,23.2,33.6,21.3,6.4,11.7,2.3,2.1,19.3,20.6,99.8,Olympiacos Piraeus
1,PANAGIOTIS KALAITZAKIS,7,0,4:13,0.7,50%,0%,60%,0.0,0.3,0.3,0.1,0.4,0.0,0.0,0.0,0.6,0.6,0.7,Panathinaikos AKTOR Athens
2,LORENZO BROWN,9,5,17:05,8.3,54.1%,35%,77.8%,0.6,1.7,2.2,3.4,0.9,1.6,0.1,0.0,1.2,1.7,10.1,Panathinaikos AKTOR Athens
3,KOSTAS SLOUKAS,10,1,19:50,6.9,50%,39.4%,92.3%,0.0,1.6,1.6,4.5,0.5,1.6,0.0,0.1,1.3,2.6,10.1,Panathinaikos AKTOR Athens
4,CEDI OSMAN,10,4,14:58,5.8,40%,45.8%,90%,0.3,1.8,2.1,0.7,0.5,0.7,0.2,0.2,2.1,1.2,4.9,Panathinaikos AKTOR Athens
5,IOANNIS PAPAPETROU,8,3,14:19,4.5,58.8%,36.4%,57.1%,0.4,1.4,1.8,0.2,0.8,0.5,0.1,0.0,1.2,0.9,4.4,Panathinaikos AKTOR Athens
6,JERIAN GRANT,10,5,25:10,8.0,52.9%,40.9%,81%,0.3,1.4,1.7,3.2,1.3,0.7,0.1,0.0,2.0,2.3,10.6,Panathinaikos AKTOR Athens
7,KENDRICK NUNN,10,10,29:17,17.5,53.2%,40.7%,81.8%,0.3,3.3,3.6,3.5,1.2,2.5,0.4,0.7,2.6,4.1,17.1,Panathinaikos AKTOR Athens
8,MATHIAS LESSORT,10,9,26:22,14.2,78.9%,0%,56.6%,2.7,4.2,6.9,1.3,1.1,2.0,0.8,0.1,2.2,4.2,20.2,Panathinaikos AKTOR Athens
9,KOSTAS ANTETOKOUNMPO,1,0,4:39,3.0,100%,0%,50%,0.0,0.0,0.0,0.0,0.0,0.0,1.0,0.0,0.0,1.0,4.0,Panathinaikos AKTOR Athens
10,MARIUS GRIGONIS,4,2,11:27,3.0,50%,25%,100%,0.2,0.5,0.8,1.0,0.0,0.8,0.2,0.0,0.5,1.0,2.8,Panathinaikos AKTOR Athens
11,JUANCHO HERNANGOMEZ,10,4,25:35,10.4,63.4%,54.8%,20%,1.4,3.6,5.0,1.5,1.1,0.5,0.2,0.1,0.8,1.6,15.1,Panathinaikos AKTOR Athens
12,KONSTANTINOS MITOGLOU,9,6,13:45,4.1,52.4%,57.1%,50%,0.9,1.6,2.4,0.2,0.7,0.7,0.2,0.0,1.6,0.6,4.2,Panathinaikos AKTOR Athens
13,OMER YURTSEVEN,10,1,11:30,6.9,59.1%,33.3%,70%,1.4,1.7,3.1,0.4,0.1,1.0,0.7,0.3,1.4,1.6,7.5,Panathinaikos AKTOR Athens
,Team,,,,0.0,0%,0%,0%,1.6,3.1,4.7,0.0,0.0,0.5,0.0,0.0,0.0,0.0,4.2,Panathinaikos AKTOR Athens
,Totals,,,,865,229/387,90/218,137/195,97,251,348,191,81,122,30,15,165,212,1081,Panathinaikos AKTOR Athens
,Average,,,,86.5,59.2%,41.3%,70.3%,9.7,25.1,34.8,19.1,8.1,12.2,3.0,1.5,16.5,21.2,108.1,Panathinaikos AKTOR Athens
1,TJ SHORTS,10,10,27:37,17.7,52.6%,26.3%,64.5%,0.3,2.2,2.5,7.5,1.0,2.2,0.1,0.4,2.5,7.1,21.7,Paris Basketball
2,COLLIN MALCOLM,10,0,19:45,9.9,62.5%,41.4%,68.4%,0.4,1.4,1.8,1.1,0.4,0.7,0.2,0.2,1.3,1.8,9.2,Paris Basketball
3,NADIR HIFI,10,0,17:51,13.5,56.1%,31.9%,83.3%,0.3,1.8,2.1,1.0,0.7,1.0,0.0,0.0,1.9,1.8,9.1,Paris Basketball
4,TYSON WARD,10,10,26:41,11.4,53.5%,35.2%,68.8%,1.0,3.6,4.6,1.1,0.8,0.9,0.2,0.3,2.5,2.0,10.4,Paris Basketball
5,LEOPOLD CAVALIERE,10,0,10:03,2.3,61.5%,0%,77.8%,0.5,0.9,1.4,0.5,0.4,0.4,0.0,0.1,1.9,1.0,2.5,Paris Basketball
6,BANDJA SY,8,0,13:37,3.2,50%,33.3%,80%,1.2,2.0,3.2,0.5,0.2,0.6,0.1,0.1,1.9,1.0,4.0,Paris Basketball
7,SEBASTIAN HERRERA,3,0,7:30,2.0,0%,50%,75%,0.0,0.0,0.0,0.0,0.3,0.0,0.0,0.3,0.7,0.7,0.7,Paris Basketball
8,LEON KRATZER,7,0,11:08,1.3,37.5%,0%,60%,1.1,1.6,2.7,0.1,0.6,1.1,0.1,0.0,2.7,1.0,1.0,Paris Basketball
9,MAODO LO,8,0,15:45,8.1,50%,40%,71.4%,0.2,1.2,1.5,1.5,0.5,1.4,0.0,0.5,1.2,0.6,5.1,Paris Basketball
10,KEVARRIUS HAYES,10,10,20:11,6.5,58.1%,0%,83.3%,2.2,2.6,4.8,0.5,1.2,0.8,0.9,0.2,3.0,1.5,9.3,Paris Basketball
11,ENZO SHAHRVIN,3,0,8:52,1.3,100%,0%,0%,2.0,1.3,3.3,0.7,0.0,1.0,0.7,0.0,1.3,1.0,4.0,Paris Basketball
12,MIKAEL JANTUNEN,10,10,26:46,8.6,55.6%,41.5%,83.3%,2.3,3.5,5.8,1.8,0.9,0.5,0.2,0.4,2.0,1.9,12.8,Paris Basketball
13,YAKUBA OUATTARA,10,10,14:50,3.9,45%,17.2%,100%,0.7,1.5,2.2,0.3,0.6,0.7,0.1,0.1,1.4,0.4,1.8,Paris Basketball
,Team,,,,0.0,0%,0%,0%,1.9,1.7,3.6,0.0,0.0,0.4,0.0,0.0,0.0,0.0,3.2,Paris Basketball
,Totals,,,,848,206/380,98/288,142/195,122,233,355,157,71,103,21,23,215,200,894,Paris Basketball
,Average,,,,84.8,54.2%,34%,72.8%,12.2,23.3,35.5,15.7,7.1,10.3,2.1,2.3,21.5,20.0,89.4,Paris Basketball
1,BRANDON DAVIES,10,6,18:33,8.3,55.3%,40%,61.9%,0.7,2.1,2.8,2.0,0.5,1.7,0.2,0.3,2.6,3.2,8.6,Partizan Mozzart Bet Belgrade
2,IFFE LUNDBERG,10,7,22:25,8.0,31.6%,36.8%,77.8%,0.7,1.7,2.4,2.2,1.1,1.1,0.0,0.4,2.0,2.1,6.9,Partizan Mozzart Bet Belgrade
3,CARLIK JONES,10,2,23:36,12.0,51.5%,30.8%,92.9%,0.5,2.5,3.0,4.1,0.5,1.9,0.3,0.8,1.6,3.7,14.0,Partizan Mozzart Bet Belgrade
4,FRANK NTILIKINA,9,3,22:40,8.1,61.9%,43.8%,100%,0.1,1.1,1.2,1.8,0.4,0.8,0.0,0.0,2.4,0.7,6.1,Partizan Mozzart Bet Belgrade
5,DUANE WASHINGTON,5,0,9:42,2.8,25%,18.2%,80%,0.0,1.0,1.0,1.0,0.4,0.4,0.0,0.0,0.6,1.2,2.2,Partizan Mozzart Bet Belgrade
6,BALSA KOPRIVICA,2,1,6:52,0.0,0%,0%,0%,0.0,1.5,1.5,0.0,0.0,0.0,0.5,0.5,1.0,0.0,0.0,Partizan Mozzart Bet Belgrade
7,MARIO NAKIC,6,1,8:11,2.8,60%,42.9%,100%,0.7,0.7,1.3,0.0,0.3,0.3,0.2,0.0,1.0,0.8,3.2,Partizan Mozzart Bet Belgrade
8,MITAR BOSNJAKOVIC,2,2,14:34,4.0,66.7%,0%,0%,1.5,0.5,2.0,1.5,1.0,0.0,0.0,0.5,2.0,0.0,3.0,Partizan Mozzart Bet Belgrade
9,VANJA MARINKOVIC,8,5,22:00,7.8,66.7%,39.1%,77.8%,0.5,1.2,1.8,1.5,0.5,1.4,0.1,0.0,2.2,1.0,6.1,Partizan Mozzart Bet Belgrade
10,ALEKSEJ POKUSEVSKI,9,2,13:13,4.6,56.2%,31.6%,62.5%,1.0,1.3,2.3,0.9,0.8,0.3,1.1,0.0,2.1,0.9,5.6,Partizan Mozzart Bet Belgrade
11,STERLING BROWN,10,8,22:16,10.6,53.8%,43.2%,88.9%,0.5,2.3,2.8,1.4,0.6,1.3,0.3,0.5,2.2,1.4,9.0,Partizan Mozzart Bet Belgrade
12,ISAAC BONGA,10,9,23:53,7.3,40%,44.1%,100%,1.3,2.7,4.0,1.8,0.5,0.9,0.2,0.3,2.3,1.2,8.4,Partizan Mozzart Bet Belgrade
13,ISIAHA MIKE,2,0,9:21,0.0,0%,0%,0%,0.0,1.0,1.0,0.5,0.0,0.0,0.0,0.0,1.5,0.5,-2.5,Partizan Mozzart Bet Belgrade
14,TYRIQUE JONES,10,4,23:22,11.4,55.6%,0%,68%,2.9,2.8,5.7,0.8,1.1,1.5,0.5,0.4,2.1,4.2,14.9,Partizan Mozzart Bet Belgrade
,Team,,,,0.0,0%,0%,0%,1.8,1.6,3.4,0.0,0.0,1.1,0.0,0.0,0.0,0.0,2.3,Partizan Mozzart Bet Belgrade
,Totals,,,,791,187/362,93/250,138/178,105,204,309,168,64,120,28,29,205,192,826,Partizan Mozzart Bet Belgrade
,Average,,,,79.1,51.7%,37.2%,77.5%,10.5,20.4,30.9,16.8,6.4,12.0,2.8,2.9,20.5,19.2,82.6,Partizan Mozzart Bet Belgrade
1,DECLAN DURU,1,0,0:57,0.0,0%,0%,0%,0.0,0.0,0.0,0.0,0.0,0.0,0.0,1.0,0.0,0.0,-2.0,Real Madrid
2,ALBERTO ABALDE,10,7,15:46,6.1,59.1%,43.5%,83.3%,0.1,1.5,1.6,1.0,0.1,0.5,0.0,0.1,1.5,0.6,5.0,Real Madrid
3,FACUNDO CAMPAZZO,9,7,27:17,13.7,57.9%,35.7%,97.1%,0.6,3.0,3.6,7.2,1.0,2.0,0.0,0.3,2.3,5.1,21.0,Real Madrid
4,XAVIER RATHAN-MAYES,9,0,14:43,7.3,64.7%,38.2%,45.5%,0.0,1.2,1.2,1.9,0.9,1.6,0.1,0.0,1.4,2.1,6.9,Real Madrid
5,HUGO GONZALEZ,7,0,6:06,0.6,40%,0%,0%,0.3,0.6,0.9,0.4,0.0,0.6,0.1,0.1,1.4,0.1,-1.0,Real Madrid
6,MARIO HEZONJA,9,7,27:49,12.9,45.1%,29%,100%,0.6,4.1,4.7,2.4,0.8,1.3,0.1,0.4,1.2,1.9,11.8,Real Madrid
7,DZANAN MUSA,6,5,23:51,13.8,46.9%,41.4%,85%,0.5,1.7,2.2,2.2,0.0,1.3,0.3,0.3,1.3,2.5,11.8,Real Madrid
8,GABRIEL DECK,10,2,26:05,9.9,71.7%,28.6%,78.9%,1.0,2.5,3.5,1.1,0.5,0.9,0.3,0.2,2.0,1.6,10.6,Real Madrid
9,SIDI GUEYE,3,0,1:35,0.7,0%,0%,100%,0.0,0.0,0.0,0.0,0.0,0.3,0.0,0.0,0.3,0.3,0.3,Real Madrid
10,USMAN GARUBA,1,0,4:38,2.0,100%,0%,0%,0.0,0.0,0.0,0.0,0.0,0.0,0.0,0.0,3.0,0.0,-1.0,Real Madrid
11,SERGE IBAKA,9,1,13:07,7.9,67.6%,35.3%,77.8%,1.6,2.8,4.3,0.7,0.1,1.1,0.7,0.0,2.3,1.0,8.6,Real Madrid
12,WALTER TAVARES,10,9,25:43,9.9,78.6%,0%,61.1%,3.0,4.9,7.9,0.8,0.9,2.3,1.6,0.1,2.8,2.9,16.9,Real Madrid
13,SERGIO LLULL,10,2,18:09,5.2,57.1%,26%,71.4%,0.2,1.4,1.6,2.9,0.7,0.4,0.0,0.0,1.9,1.7,5.6,Real Madrid
14,ANDRES FELIZ,3,1,6:04,0.7,50%,0%,0%,0.0,0.0,0.0,1.0,0.3,1.0,0.0,0.0,0.7,0.3,0.0,Real Madrid
15,ELI NDIAYE,10,9,18:08,4.4,61.1%,27.3%,50%,1.1,2.3,3.4,0.7,0.5,0.5,0.2,0.0,2.1,0.8,4.7,Real Madrid
,Team,,,,0.0,0%,0%,0%,1.2,1.7,2.9,0.0,0.0,0.5,0.0,0.0,0.0,0.0,2.4,Real Madrid
,Totals,,,,824,203/330,99/305,121/151,95,257,352,194,53,121,32,15,193,185,948,Real Madrid
,Average,,,,82.4,61.5%,32.5%,80.1%,9.5,25.7,35.2,19.4,5.3,12.1,3.2,1.5,19.3,18.5,94.8,Real Madrid
1,ISAIA CORDINIER,10,10,28:53,14.0,61.2%,30%,81.6%,1.6,3.1,4.7,4.6,0.6,2.2,0.1,0.3,3.1,3.1,16.1,Virtus Segafredo Bologna
2,MARCO BELINELLI,10,0,15:09,6.7,52.2%,36.7%,76.9%,0.1,0.4,0.5,0.5,0.4,0.6,0.1,0.1,1.7,1.0,3.5,Virtus Segafredo Bologna
3,ALESSANDRO PAJOLA,7,5,22:27,6.4,66.7%,36%,75%,0.6,0.9,1.4,3.1,0.7,0.7,0.0,0.3,3.1,1.3,5.9,Virtus Segafredo Bologna
4,WILL CLYBURN,10,10,27:32,11.2,46.6%,33.3%,88.9%,0.7,3.0,3.7,2.0,0.8,1.2,0.2,0.2,1.8,2.6,11.2,Virtus Segafredo Bologna
5,TORNIKE SHENGELIA,10,10,29:48,15.6,45.1%,43.3%,82.7%,1.3,3.9,5.2,2.3,0.5,2.9,0.4,0.3,2.7,5.0,16.0,Virtus Segafredo Bologna
6,DANIEL HACKETT,8,2,12:42,1.6,0%,33.3%,100%,0.0,1.1,1.1,1.0,0.1,0.5,0.0,0.0,1.6,1.0,1.6,Virtus Segafredo Bologna
7,ANDREJS GRAZULIS,3,0,2:48,0.0,0%,0%,0%,0.0,0.0,0.0,0.0,0.0,0.0,0.0,0.0,1.0,0.0,-1.3,Virtus Segafredo Bologna
8,MATTHEW MORGAN,10,2,16:43,7.0,53.8%,36.1%,89.5%,0.1,1.4,1.5,2.8,0.3,1.3,0.0,0.2,1.8,1.7,6.9,Virtus Segafredo Bologna
9,ACHILLE POLONARA,10,0,15:28,4.1,50%,29.4%,66.7%,0.8,1.5,2.3,1.1,0.4,0.1,0.8,0.1,1.3,1.4,6.1,Virtus Segafredo Bologna
10,MOUHAMET DIOUF,10,5,16:54,6.9,61.5%,0%,75%,1.4,1.8,3.2,0.3,0.6,0.7,0.2,0.2,2.7,2.3,7.7,Virtus Segafredo Bologna
11,ANTE ZIZIC,9,5,16:18,6.1,54.5%,0%,63.6%,1.6,2.2,3.8,0.1,0.6,0.6,0.8,0.7,1.2,1.7,7.9,Virtus Segafredo Bologna
12,NICOLA AKELE,3,0,0:37,0.0,0%,0%,0%,0.0,0.0,0.0,0.0,0.0,0.0,0.0,0.0,0.7,0.0,-0.7,Virtus Segafredo Bologna
13,RAYJON TUCKER,9,1,8:46,3.1,53.8%,22.2%,100%,0.2,0.6,0.8,0.2,0.3,0.7,0.0,0.1,1.1,1.0,2.1,Virtus Segafredo Bologna
,Team,,,,0.0,0%,0%,0%,1.6,1.9,3.5,0.0,0.0,0.6,0.0,0.0,0.0,0.0,2.9,Virtus Segafredo Bologna
,Totals,,,,796,195/372,79/228,169/208,96,210,306,169,50,116,25,23,212,212,842,Virtus Segafredo Bologna
,Average,,,,79.6,52.4%,34.6%,81.2%,9.6,21.0,30.6,16.9,5.0,11.6,2.5,2.3,21.2,21.2,84.2,Virtus Segafredo Bologna
1,MANTAS JUZENAS,1,0,0:41,0.0,0%,0%,0%,0.0,0.0,0.0,0.0,0.0,0.0,0.0,0.0,1.0,0.0,-1.0,Zalgiris Kaunas
2,TYRONE WALLACE,2,2,11:10,4.0,44.4%,0%,0%,0.0,1.5,1.5,1.0,0.5,3.0,0.0,0.5,1.5,1.5,0.0,Zalgiris Kaunas
3,LONNIE WALKER IV,3,3,17:39,9.0,25%,33.3%,71.4%,0.3,1.7,2.0,0.7,1.7,1.7,0.3,0.7,1.0,2.0,4.0,Zalgiris Kaunas
4,SYLVAIN FRANCISCO,10,0,22:43,12.3,42.5%,27.6%,67.2%,0.4,1.4,1.8,4.9,1.3,2.9,0.0,0.2,1.8,5.8,12.7,Zalgiris Kaunas
5,LUKAS LEKAVICIUS,7,0,7:27,2.7,9.1%,45.5%,100%,0.0,0.3,0.3,0.3,0.1,0.7,0.0,0.0,0.9,0.3,-0.1,Zalgiris Kaunas
6,IGNAS BRAZDEIKIS,9,7,14:49,7.6,55.8%,20%,88.9%,0.6,2.3,2.9,1.0,0.8,1.0,0.1,0.3,2.0,1.1,6.1,Zalgiris Kaunas
7,DOVYDAS GIEDRAITIS,10,10,26:22,9.2,55.3%,51.7%,71.4%,0.8,1.0,1.8,1.9,0.7,0.8,0.1,0.4,1.8,1.0,8.4,Zalgiris Kaunas
8,LAURYNAS BIRUTIS,10,3,11:44,6.0,66.7%,0%,57.1%,1.3,1.8,3.1,0.1,0.0,0.5,0.3,0.0,2.4,1.9,6.4,Zalgiris Kaunas
9,ALEN SMAILAGIC,7,0,11:46,7.4,83.3%,29.4%,53.8%,1.0,2.1,3.1,0.3,0.3,0.6,0.4,0.1,1.4,1.4,7.9,Zalgiris Kaunas
10,MATTHEW MITCHELL,10,4,21:01,4.8,44.7%,5.9%,68.8%,1.3,2.0,3.3,0.8,0.5,1.1,0.1,0.6,2.4,2.3,3.5,Zalgiris Kaunas
11,BRYANT DUNSTON,10,7,16:48,3.3,46.9%,0%,60%,2.1,2.0,4.1,0.6,0.4,0.9,0.3,0.0,2.7,0.9,4.1,Zalgiris Kaunas
12,BRADY MANEK,7,4,7:11,2.6,40%,25%,50%,0.1,0.9,1.0,0.3,0.3,0.0,0.0,0.0,0.9,0.7,1.6,Zalgiris Kaunas
13,ARNAS BUTKEVICIUS,10,3,23:11,5.1,58.8%,31.6%,72.2%,1.4,3.5,4.9,1.1,1.3,0.6,0.1,0.0,3.0,1.9,8.3,Zalgiris Kaunas
14,DEIVIDAS SIRVYDIS,10,2,15:16,7.6,40%,37.2%,76.2%,0.4,1.6,2.0,1.1,0.5,1.1,0.0,0.1,1.5,1.6,6.0,Zalgiris Kaunas
15,EDGARAS ULANOVAS,10,5,23:26,6.6,54.2%,33.3%,80%,1.0,2.2,3.2,1.7,0.7,1.1,0.0,0.1,2.9,3.1,8.1,Zalgiris Kaunas
,Team,,,,0.0,0%,0%,0%,2.1,2.2,4.3,0.0,0.0,0.5,0.0,0.0,0.0,0.0,3.8,Zalgiris Kaunas
,Totals,,,,741,174/346,84/268,141/204,122,229,351,141,72,124,14,21,232,221,744,Zalgiris Kaunas
,Average,,,,74.1,50.3%,31.3%,69.1%,12.2,22.9,35.1,14.1,7.2,12.4,1.4,2.1,23.2,22.1,74.4,Zalgiris Kaunas
